{
  "camera_scales": {
    "side": 1.0,
    "back": 1.0
  },
  "joint_biases_cm": {},
  "alignment_R": [
    [
      -0.7725178216661959,
      0.5330431632704983,
      0.3450814415448856
    ],
    [
      0.5585218511486721,
      0.8289427426963377,
      -0.03012094156122075
    ],
    [
      -0.3021085185783031,
      0.16946656136729282,
      -0.938089296165759
    ]
  ],
  "alignment_scale": 0.5054271500198821,
  "alignment_t": [
    -0.02588598368732671,
    -0.5490078135770762,
    -0.1175818566209612
  ],
  "camera_fov": 86.5,
  "camera_fov_landscape": 113.0
}