{
  "camera_scales": {
    "side": 0.36,
    "back": 0.2
  },
  "joint_biases_cm": {
    "Pelvis": [
      1.57,
      -3.65,
      -2.08
    ],
    "RHip": [
      0.99,
      -5.03,
      -5.3
    ],
    "RKnee": [
      -3.05,
      -9.45,
      -7.6
    ],
    "RAnkle": [
      -5.2,
      -13.89,
      -8.32
    ],
    "LHip": [
      2.14,
      -2.31,
      1.19
    ],
    "LKnee": [
      0.22,
      2.44,
      9.08
    ],
    "LAnkle": [
      2.06,
      9.45,
      17.93
    ],
    "Spine": [
      1.7,
      -0.66,
      -1.41
    ],
    "Thorax": [
      0.87,
      4.13,
      1.29
    ],
    "Neck": [
      -2.76,
      -3.91,
      -0.08
    ],
    "Head": [
      -0.9,
      -5.38,
      0.57
    ],
    "LShoulder": [
      -0.11,
      3.79,
      5.32
    ],
    "LElbow": [
      0.5,
      1.45,
      -0.53
    ],
    "LWrist": [
      -1.06,
      4.8,
      -1.19
    ],
    "RShoulder": [
      2.88,
      4.69,
      -2.36
    ],
    "RElbow": [
      2.33,
      5.38,
      -5.59
    ],
    "RWrist": [
      -2.2,
      8.15,
      -0.91
    ]
  },
  "alignment_R": [
    [
      -0.9975766411848088,
      -0.019700362604386273,
      0.06672885939149861
    ],
    [
      0.021230748278361546,
      0.8271427238789848,
      0.5615907492663978
    ],
    [
      -0.06625783191423901,
      0.5616465169902766,
      -0.8247200068282051
    ]
  ],
  "alignment_scale": 1.1707671950537517,
  "alignment_t": [
    0.4100299110853506,
    -0.28477004115246307,
    0.028057043894071584
  ],
  "camera_fov": 70.0
}